{
    "setting": {},
    "condition": {
        "plugin": {
            "list": []
        },
        "game": {
            "list": []
        },
        "gamePlugin": {
            "list": []
        },
        "miniprogram": {
            "list": [
                {
                    "name": "pages/user/user",
                    "pathName": "pages/user/user",
                    "query": "name=李四",
                    "scene": 1011
                },
                {
                    "name": "pages/cart/index",
                    "pathName": "pages/cart/index",
                    "query": "",
                    "scene": null
                }
            ]
        }
    }
}